Name	Strand	Left	Right	Pattern	Sequence	Reference
F119_185_ACG_R1	Forward	119	185	ACG	TCGACTCTAGACGGCTGCTTCAT	TTCAAGTGGGAGCGCGTGATGAACTTCGAGGACGGCGGCGTGGCGACCGTGACCCAGGACTCCTCCCTGCAGGTATGTTAATATGGACTAAAGGAGGCTTTTCTCAGGTCGACTCTAGACGGCTGCTTCATCTACAAGGTGAAGTTCATCGGCGTGAACTTCC
F125_203_AGG_R1	Forward	125	203	AGG	CTAGACGCGTAGGTGAAGTTCAT	TTCAAGTGGGAGCGCGTGATGAACTTCGAGGACGGCGGCGTGGCGACCGTGACCCAGGACTCCTCCCTGCAGGTATGTTAATATGGACTAAAGGAGGCTTTTCTCAGGTCGACTCTAGACGCGTAGGTGAAGTTCATCGGCGTGAACTTCC
F128_196_ATC_R1	Forward	128	196	ATC	GACGCGTAGGATCTACAAGGTGA	TTCAAGTGGGAGCGCGTGATGAACTTCGAGGACGGCGGCGTGGCGACCGTGACCCAGGACTCCTCCCTGCAGGTATGTTAATATGGACTAAAGGAGGCTTTTCTCAGGTCGACTCTAGACGCGTAGGATCTACAAGGTGAAGTTCATCGGCGTGAACTTCC
F134_186_CGG_R1	Forward	134	186	CGG	TAGGATCCCCCGGCTGCTTCATC	TTCAAGTGGGAGCGCGTGATGAACTTCGAGGACGGCGGCGTGGCGACCGTGACCCAGGACTCCTCCCTGCAGGTATGTTAATATGGACTAAAGGAGGCTTTTCTCAGGTCGACTCTAGACGCGTAGGATCCCCCGGCTGCTTCATCTACAAGGTGAAGTTCATCGGCGTGAACTTCC
F136_204_GGT_R1	Forward	136	204	GGT	GGATCCCCCGGGTGAAGTTCATC	TTCAAGTGGGAGCGCGTGATGAACTTCGAGGACGGCGGCGTGGCGACCGTGACCCAGGACTCCTCCCTGCAGGTATGTTAATATGGACTAAAGGAGGCTTTTCTCAGGTCGACTCTAGACGCGTAGGATCCCCCGGGTGAAGTTCATCGGCGTGAACTTCC
F138_199_TAC_R1	Forward	138	199	TAC	ATCCCCCGGGTACAAGGTGAAGT	TTCAAGTGGGAGCGCGTGATGAACTTCGAGGACGGCGGCGTGGCGACCGTGACCCAGGACTCCTCCCTGCAGGTATGTTAATATGGACTAAAGGAGGCTTTTCTCAGGTCGACTCTAGACGCGTAGGATCCCCCGGGTACAAGGTGAAGTTCATCGGCGTGAACTTCC
F144_188_GCT_R1	Forward	144	188	GCT	CGGGTACCGAGCTGCTTCATCTA	TTCAAGTGGGAGCGCGTGATGAACTTCGAGGACGGCGGCGTGGCGACCGTGACCCAGGACTCCTCCCTGCAGGTATGTTAATATGGACTAAAGGAGGCTTTTCTCAGGTCGACTCTAGACGCGTAGGATCCCCCGGGTACCGAGCTGCTTCATCTACAAGGTGAAGTTCATCGGCGTGAACTTCC
F144_191_GCT_R1	Forward	144	191	GCT	CGGGTACCGAGCTTCATCTACAA	TTCAAGTGGGAGCGCGTGATGAACTTCGAGGACGGCGGCGTGGCGACCGTGACCCAGGACTCCTCCCTGCAGGTATGTTAATATGGACTAAAGGAGGCTTTTCTCAGGTCGACTCTAGACGCGTAGGATCCCCCGGGTACCGAGCTTCATCTACAAGGTGAAGTTCATCGGCGTGAACTTCC
F148_207_GAA_R1	Forward	148	207	GAA	TACCGAGCTCGAAGTTCATCGGC	TTCAAGTGGGAGCGCGTGATGAACTTCGAGGACGGCGGCGTGGCGACCGTGACCCAGGACTCCTCCCTGCAGGTATGTTAATATGGACTAAAGGAGGCTTTTCTCAGGTCGACTCTAGACGCGTAGGATCCCCCGGGTACCGAGCTCGAAGTTCATCGGCGTGAACTTCC
F155_199_TAC_R1	Forward	155	199	TAC	CTCGAATTTTTACAAGGTGAAGT	TTCAAGTGGGAGCGCGTGATGAACTTCGAGGACGGCGGCGTGGCGACCGTGACCCAGGACTCCTCCCTGCAGGTATGTTAATATGGACTAAAGGAGGCTTTTCTCAGGTCGACTCTAGACGCGTAGGATCCCCCGGGTACCGAGCTCGAATTTTTACAAGGTGAAGTTCATCGGCGTGAACTTCC
F157_198_CTA_R1	Forward	157	198	CTA	CGAATTTTTACTACAAGGTGAAG	TTCAAGTGGGAGCGCGTGATGAACTTCGAGGACGGCGGCGTGGCGACCGTGACCCAGGACTCCTCCCTGCAGGTATGTTAATATGGACTAAAGGAGGCTTTTCTCAGGTCGACTCTAGACGCGTAGGATCCCCCGGGTACCGAGCTCGAATTTTTACTACAAGGTGAAGTTCATCGGCGTGAACTTCC
F160_200_ACAA_R1	Forward	160	200	ACAA	ATTTTTACTAACAAGGTGAAGTTC	TTCAAGTGGGAGCGCGTGATGAACTTCGAGGACGGCGGCGTGGCGACCGTGACCCAGGACTCCTCCCTGCAGGTATGTTAATATGGACTAAAGGAGGCTTTTCTCAGGTCGACTCTAGACGCGTAGGATCCCCCGGGTACCGAGCTCGAATTTTTACTAACAAGGTGAAGTTCATCGGCGTGAACTTCC
F166_204_GGT_R1	Forward	166	204	GGT	ACTAACAAATGGTGAAGTTCATC	TTCAAGTGGGAGCGCGTGATGAACTTCGAGGACGGCGGCGTGGCGACCGTGACCCAGGACTCCTCCCTGCAGGTATGTTAATATGGACTAAAGGAGGCTTTTCTCAGGTCGACTCTAGACGCGTAGGATCCCCCGGGTACCGAGCTCGAATTTTTACTAACAAATGGTGAAGTTCATCGGCGTGAACTTCC
F119_185_ACG_R2	Reverse	43	109	CGT	ATGAAGCAGCCGTCTAGAGTCGA	GGAAGTTCACGCCGATGAACTTCACCTTGTAGATGAAGCAGCCGTCTAGAGTCGACCTGAGAAAAGCCTCCTTTAGTCCATATTAACATACCTGCAGGGAGGAGTCCTGGGTCACGGTCGCCACGCCGCCGTCCTCGAAGTTCATCACGCGCTCCCACTTGAA
F125_203_AGG_R2	Reverse	25	103	CCT	ATGAACTTCACCTACGCGTCTAG	GGAAGTTCACGCCGATGAACTTCACCTACGCGTCTAGAGTCGACCTGAGAAAAGCCTCCTTTAGTCCATATTAACATACCTGCAGGGAGGAGTCCTGGGTCACGGTCGCCACGCCGCCGTCCTCGAAGTTCATCACGCGCTCCCACTTGAA
F128_196_ATC_R2	Reverse	32	100	GAT	TCACCTTGTAGATCCTACGCGTC	GGAAGTTCACGCCGATGAACTTCACCTTGTAGATCCTACGCGTCTAGAGTCGACCTGAGAAAAGCCTCCTTTAGTCCATATTAACATACCTGCAGGGAGGAGTCCTGGGTCACGGTCGCCACGCCGCCGTCCTCGAAGTTCATCACGCGCTCCCACTTGAA
F134_186_CGG_R2	Reverse	42	94	CCG	GATGAAGCAGCCGGGGGATCCTA	GGAAGTTCACGCCGATGAACTTCACCTTGTAGATGAAGCAGCCGGGGGATCCTACGCGTCTAGAGTCGACCTGAGAAAAGCCTCCTTTAGTCCATATTAACATACCTGCAGGGAGGAGTCCTGGGTCACGGTCGCCACGCCGCCGTCCTCGAAGTTCATCACGCGCTCCCACTTGAA
F136_204_GGT_R2	Reverse	24	92	ACC	GATGAACTTCACCCGGGGGATCC	GGAAGTTCACGCCGATGAACTTCACCCGGGGGATCCTACGCGTCTAGAGTCGACCTGAGAAAAGCCTCCTTTAGTCCATATTAACATACCTGCAGGGAGGAGTCCTGGGTCACGGTCGCCACGCCGCCGTCCTCGAAGTTCATCACGCGCTCCCACTTGAA
F138_199_TAC_R2	Reverse	29	90	GTA	ACTTCACCTTGTACCCGGGGGAT	GGAAGTTCACGCCGATGAACTTCACCTTGTACCCGGGGGATCCTACGCGTCTAGAGTCGACCTGAGAAAAGCCTCCTTTAGTCCATATTAACATACCTGCAGGGAGGAGTCCTGGGTCACGGTCGCCACGCCGCCGTCCTCGAAGTTCATCACGCGCTCCCACTTGAA
F144_188_GCT_R2	Reverse	40	84	AGC	TAGATGAAGCAGCTCGGTACCCG	GGAAGTTCACGCCGATGAACTTCACCTTGTAGATGAAGCAGCTCGGTACCCGGGGGATCCTACGCGTCTAGAGTCGACCTGAGAAAAGCCTCCTTTAGTCCATATTAACATACCTGCAGGGAGGAGTCCTGGGTCACGGTCGCCACGCCGCCGTCCTCGAAGTTCATCACGCGCTCCCACTTGAA
F144_191_GCT_R2	Reverse	37	84	AGC	TTGTAGATGAAGCTCGGTACCCG	GGAAGTTCACGCCGATGAACTTCACCTTGTAGATGAAGCTCGGTACCCGGGGGATCCTACGCGTCTAGAGTCGACCTGAGAAAAGCCTCCTTTAGTCCATATTAACATACCTGCAGGGAGGAGTCCTGGGTCACGGTCGCCACGCCGCCGTCCTCGAAGTTCATCACGCGCTCCCACTTGAA
F148_207_GAA_R2	Reverse	21	80	TTC	GCCGATGAACTTCGAGCTCGGTA	GGAAGTTCACGCCGATGAACTTCGAGCTCGGTACCCGGGGGATCCTACGCGTCTAGAGTCGACCTGAGAAAAGCCTCCTTTAGTCCATATTAACATACCTGCAGGGAGGAGTCCTGGGTCACGGTCGCCACGCCGCCGTCCTCGAAGTTCATCACGCGCTCCCACTTGAA
F155_199_TAC_R2	Reverse	29	73	GTA	ACTTCACCTTGTAAAAATTCGAG	GGAAGTTCACGCCGATGAACTTCACCTTGTAAAAATTCGAGCTCGGTACCCGGGGGATCCTACGCGTCTAGAGTCGACCTGAGAAAAGCCTCCTTTAGTCCATATTAACATACCTGCAGGGAGGAGTCCTGGGTCACGGTCGCCACGCCGCCGTCCTCGAAGTTCATCACGCGCTCCCACTTGAA
F157_198_CTA_R2	Reverse	30	71	TAG	CTTCACCTTGTAGTAAAAATTCG	GGAAGTTCACGCCGATGAACTTCACCTTGTAGTAAAAATTCGAGCTCGGTACCCGGGGGATCCTACGCGTCTAGAGTCGACCTGAGAAAAGCCTCCTTTAGTCCATATTAACATACCTGCAGGGAGGAGTCCTGGGTCACGGTCGCCACGCCGCCGTCCTCGAAGTTCATCACGCGCTCCCACTTGAA
F160_200_ACAA_R2	Reverse	27	67	TTGT	GAACTTCACCTTGTTAGTAAAAAT	GGAAGTTCACGCCGATGAACTTCACCTTGTTAGTAAAAATTCGAGCTCGGTACCCGGGGGATCCTACGCGTCTAGAGTCGACCTGAGAAAAGCCTCCTTTAGTCCATATTAACATACCTGCAGGGAGGAGTCCTGGGTCACGGTCGCCACGCCGCCGTCCTCGAAGTTCATCACGCGCTCCCACTTGAA
F166_204_GGT_R2	Reverse	24	62	ACC	GATGAACTTCACCATTTGTTAGT	GGAAGTTCACGCCGATGAACTTCACCATTTGTTAGTAAAAATTCGAGCTCGGTACCCGGGGGATCCTACGCGTCTAGAGTCGACCTGAGAAAAGCCTCCTTTAGTCCATATTAACATACCTGCAGGGAGGAGTCCTGGGTCACGGTCGCCACGCCGCCGTCCTCGAAGTTCATCACGCGCTCCCACTTGAA
